about;name;Organisation
a31469eb0dcb4d70ba42a836fb563660;Производитель Jinko Solar;ee3ab38ccaf44f0db6efe606596a9817
7c86ee8b412e435385d0e7abf24be2fb;Производитель Энерготех;ba0dae9bbc854cadb0fd4b54310c4cbf
1275e305536047d79f95e5f5a5f8723c;Производитель Минусинский Электрокомплекс;bd9f1255a6c843228ceb4e81f9175206
9075eede34b5420fb8d6e82e47084bed;Производитель Red Wind B.V.;8b68e8e8a42f4f35ae107ec260a7f115
f182d5566c3347768b7bdbf008b675df;Производитель Сафоновский электромашиностроительный завод;a12116c4f1724adeb3df8070f517cdeb
a7b29a391ccf48a8b44b2867d8ca652d;Производитель SACE;062dc7d33de94598a8d5d0719f276535
39f0fe8b2e9548fbbe8ecd49549f556c;Производитель АО «ЧЭАЗ»;be65e04b6a7c449eae088a8afd28f37a
bb1a5898648a4e64a326643af0ff1307;Производитель Красноярский металлургический завод (КраМЗ);be16978a8e9a4237ae92d050d8871d8b
5ef69f18eecb41b2b2b69de76e3255b7;Производитель Литмаш;861a3d33ab964ccf9d312b391f4a74fc
e7993bf9d1844b638838ac984278a6db;Производитель Курганский завод энергетических технологий;f9d3e1e4bebe41a49dd40a3055825c43
962d6a58e8e247f1b49e3e499a4e14f5;"ООО ""МегаСтрой""";1ba6cc3bd8c94bb5acb2460d756fee0a
72615fcf17bc4131aec073ab3efb6f00;Производитель GE Energy Products France SNC;275b0810a32b472e829df8ca49cca014
a54c7c9f16c44def970bbdfa65fd5025;Производитель ООО Лысьвенский завод тяжелого электрического машиностроения «ПРИВОД»;b58138555a114f59b5072b88660018de
e129089636c24a91b3129731c7923534;Производитель Энергомир;7b7cd9b3284d4ae183182eceeda96120
89872d8eb01a4a01ba10a397fc57a520;ООО «Электрощиткомплект»;
a12f16fecbae413a89bf13a5ab3f43c8;Производитель Благовещенский электроаппаратный завод (БЭАЗ);b6edaa6474f24b608c58ac6c4e9dc68d
f115805c07154dff9ab245de6e30d76b;"Производитель Харьковский завод ""Электротяжмаш""";fb75da9a49e04c31a1324e4a8957ead6
96bbbc2c7755472080d1cd92bf3812be;Производитель Томский политехнический университет;36268975c0054747b8b382ad16f5e303
7cced725acc34b91b1f911b874c69a67;Производитель Hitachi Energy;92ea02ef3edf49abb4a95808db8563ae
a370a03c5098424ca3037925c947b7bb;Производитель NR Electric (Nari-relays, АСТ);4d65492176ef49c7aefb9f85ea857808
a0b57af249694557808cf17cd3f434e8;ЛСНХ ВЗВА г.Великие Луки;
16731cfc787a4481bc558eb973f7c39c;Производитель НПП Итран;fca76087ea91497298d70d24b8609bd3
74e1d9959a554ff792a3bcf2167b14e0;Производитель Нептун;1dfb9893d9da4563ac08905cdc93ba40
27d31d71bba4430c810cb727ea6c00ba;Производитель Раменский электротехнический завод Энергия (РЭТЗ Энергия);60d2574f85fc49469734e4abd319edc3
8125fbe2c7404de6a9d878965ec45ecb;Производитель LE MATERIEL ELECTRIQUE S-W;1372edeb4cc74130ba11c55bec8cf161
e4f033ddd4864fc580b2cba1008a3853;Производитель СКБ-ЭЦМ;bf437ee4cb534bada706f7c344c73936
b97ef8da31bd4506aad065e70d5e46aa;Производитель ХК ОАО Привод;21f7608566a543778bf6c0eaebc673a0
b5c9aa6aa1af48eb81a1e3b745a8df52;Производитель Севкабель;c99a7c098c014fb2b9fdc9c868cde3df
03eb4023dba346379e0c4404995d21fd;SEC Zhangjiagang Transformers Co, ltd;10000ee300000000c0000000006d746c
abfffc796bce40538dd8232db9557741;Производитель S. Morgan Smith;a27609fae8e5433b9794492f35dff649
17ee9435370246f48cf6c2d6d4aa9c8c;Производитель Dongwoo Electric Corporation;21838fffef13446a9dff0800e506b5c1
a2289ce083654f408ef834b1c88119a7;"Производитель ООО ""МАТИК-ЭЛЕКТРО""";c5ba4dd7c9f743cbbc6108c890fa55da
1794fd3ebb4347d59739d1be914b81b1;"Производитель Электрокомбинат ""Мотез""";00e43f8f129f4209be4b4d812d55169c
5b5a33f5ea1f4777b7fc0aa36f102cb6;Производитель Завод Электросила;2ebc9d1bf3744c4da92e88a823ab4144
1945b033a9e34d58ac98afc6c7fdfc39;Производитель Fabbrica Transformatori di Misura (F.T.M.);63cdbb17800f4fbb802324cb466e1e2b
f8edf5b098444aeb800898c0d7aeaca3;Производитель Чирчикский трансформаторный завод (ЧТЗ);4ae0872cb988464f9dcc748701a09c55
9cb50a3f337d49a3a10c2eec8c47d1e7;"Производитель ООО ""ПРОМАВТОМАТ""";d5bb69eaa8c84d5db3d6e5549bf1a679
3543cfea16804160be3a5032346ebbfb;Производитель SECOM;f70d8cab1c4848f5bdecc180c48454e5
f23a87fcd2b44a90aea1d83641a7e817;Производитель Уральский завод гидромашин;f4fda43a5c17447d87e387d0cb980fad
dd81ecb1283f41628b8ea41ff143dd05;"ООО ""Элиз"" г. Запорожье";
0a6562ceeb0c41c9bd615bad6ef8591a;Производитель OPRA;80375c9c346f46368615f51f3c9762cb
cf7510181a9646cba564780cb66172f8;Производитель Турбогенераторный завод Лысьва;ef54072214b64b9c8bbc99741016b95c
751abe3aff85487ca2e66c04a764368a;Производитель Yunnan Switchgear Factory;b6dca5cb358d43c0a9d603427205d2b6
92a5ec9d713b4eabb7445a8ebf2f7089;Производитель Парус электро;194d9eeeb3ee441cab56b7b79c13b595
6a8a3f6c7f4543d9b63a730d559b5f1c;Производитель Мотор Сич;96e9fd97224c4f5da2915b465f65d6d8
b82587f2690e4099a2e86f56ca1446b1;"ООО ""Электрощит-К""";
e9b15f4c42c74324941e3ec587787952;Производитель Voith;45acdf23d1ce48d68073a44ae151aae2
dafbe0618dbb407c81564c52cad4a898;Производитель CATO Engineering;ba449e6795c443f188b97562be2d7da8
a65a590cf5d846b5acc4bb6c461af546;Производитель Солар Кремниевые Технологии;a76755f02cfe4eb487b761ec2061a7bc
476d134bd76648b391d485f2e1a3cf52;Производитель ИНТМАШ;59fedf0a93e14c118ee696176423cfa9
3e032690807b42b5861f7d28a09438df;Производитель Нефтегазовые системы;dff138e0b2dc41c889fa25c4ed27e4cc
f929a588b4f5440992cbcd73aa19f76d;Производитель KMW Швеция;50c4ef1814a548d0b83ff13d12edf893
68b281339113424bbbaafb84144173d9;Производитель EPRO Gallspech;4d6c6739c50a488dbde6f783a639a0c4
59ffb8ef14d942c68e969630d98a65dc;Производитель Латвэнерго (г.Рига);096887813adb43a0a529b38059c1e359
f8d8afc8c48949afa09e5b7e5d2b4aff;Производитель Комплектпромматериалы (КПМ);8b3cfffee29645a6b39c3e9f769ff28e
4b25aa9d7e254da99f50c401bbbdabe5;Производитель Caterpillar;e743c1ed3e1e46929fe7f17aac8ef22c
a5f5fe263cc547e2a6b0208739e9bc59;Производитель Nuova Magrini Galileo;8f6b3ea42b9a496ea6a6c30746977363
a22778d0465b460d93252c630cdb87e0;Производитель EAA Genova;7c3173aa434641859f537bd590c2339e
999b5eb189a54647b5d78ad12ea7e4c1;Guangdong Sihui Instrument Transformer Works Co., Ltd (Китай);
c7fe858f853d4ac49c0c4c37b5ddf204;Производитель Гидроэлектромонтаж;4d1137f99c7d4443b303c9c214d2111f
e4e770f2b463486b971e6eabccd401aa;"Производитель НПО ""СПБЭК""";3e15dbe88eb14456b34ff96450f38d70
9731d1070f7c42a2aeda0d049edbd1fb;Производитель Kato Engineering;3dd34a9d9db6490494c9b01a0d27f158
84a079296b8241dda7c12df34e7c9ac7;Производитель Укрэлектроаппарат;4ed35096debd478eae059145450d73ac
15f2c8b4a54a43988e84193e9ce54d68;Производитель Карпинский Электромашиностроительный Завод (КЭМЗ);e0691097b4a3431bba60e05e9a605e52
ddbb47945cb4489d885d3d37c9486b2e;Производитель Нижегородский Электротехнический Завод (НЭТЗ);48340b99f0604ff5a3f1296b18c48a6a
07ed0922d9bf496e83b13b143a40625a;Производитель Завод имени Готвальда;7ed41f6390564e72a0fbe2c508994951
3fde6858f03a4e05b6ec4f4373e8b7a0;Производитель Энергомашэкспорт;525261dd29234330b9c895201d2096a4
febc7743c99c44fd9098c1a09b0c65c2;Производитель Wattsud;e3448a67a44a485a9d1779ee08689d49
8b37252ff35a43c0b0fd3fbbecdf35ef;"ЗАО ""Завод энергозащитных устройств""";
8de5d2fa7dd6423b85fd3cc60bca8a0e;Производитель Shenzhen Hopewind Electric Co;776d012a8d2a452888f07136e3716d43
353c6f1ca5494c6eb5254d668c529e29;Производитель Шкода (Чехословакия г. Плезень);8965ca0b87b648adb8fc9ec04edf84bb
353b5009436a4250a56e94be161e7677;"Производитель ООО ""СКЗ""";71670769cd984019899734031d763775
3b6b813e60c845d5827337203973e803;Производитель Уральский электромеханический завод;8ffafecea3b542868d9a576ffc57b7ea
4c3096f2e8154ba99e9529fc41678cd0;Производитель НПЦ Газотурбостроения Салют;a76fb1ef3da64890836e2e7806515757
51f8ff044b19494dbd3553f5be82fbf2;Производитель Энергоавтоматика (г.Рига);b56085e7f1044582b67986968d907823
c944233c923643f9bb8c37b755020053;Производитель Разряд-М;42a27d9176234039922a57c9ec484975
5c3bf210a5ae4e92991b9a6bd1846dc4;Производитель Iskra Sistemi;8418de71e32c4ae4b10dfcbcbbe9d784
6fabbdb7258b4df0a1a8faf2a7f61d7f;Производитель Brush Electrical Machines;9046d2ab360341f688f9519014d78fd3
7125e1bc1a9e45629c4b0a39f6c133e4;Великолукский завод ВВА;05096b3be4f243de9be2dc490e4dc3eb
7ed47a676ef4439c8c928cd73b4f077e;Производитель Уральский электроаппаратный завод (Уралэлектроаппарат);dbbfa960605a498b80585c7615d0d48b
69e259d7d8a848fca468f15e21d98e04;Производитель Siemens Industrial Turbomachinery AB (SIT AB);273e90e46dba44deb80e59ae92b374e7
47584d7d22984ffd857a80e37881e0aa;Производитель BBC;87b127d467724ec3988ede1900b39d50
4fadcc95cd9a4852b21afa8c248c3ca7;Производитель Технопромэкспорт;35b2079faeee45d0a39c6e8a39d95ae3
be2e68ae609844b599089748ddb75068;Производитель Луганский электроаппаратный завод;d9aece3661704b2b9cdae2504503ea65
40e180a0e8884ed38c529390eb64c4a6;Производитель ELIN Motoren;34c448fb5ac246dd9095b22a40d7b4c2
b574b71207154c4487565e3dfdd4f3e2;Производитель Toshiba;b956b5fc259e4c98a04490548d0a12f5
a09d10153ccb4d15ba828fd7261a94a8;Производитель Уфимский трансформаторный завод;9cfe038842ea40f3b63d868887b5f046
bc5e8682a34140789ce197724e465602;Производитель НПО Изолятор;c32b1cf0dd764269afcbb6dff0d61ee2
34d09d5b87fe42f4a8b5f424d2c44f19;Производитель Трансформаторный завод им.Куйбышева;bcaa8c2cbd264d1587142210156b9ca9
099411bdd6c34c32a8acbdf5e4cb2525;Производитель НПО Сатурн;33a32786af70411d9433dfd9c23356d1
199278469ef548148b13d6409b31a184;Производитель НПО Южэнергогруп;d4805172eee14e19a9a2feb60c2fd2b5
6661a0c30643437d9659c13aca4de80a;Производитель Сибэлектротяжмаш;d7ef46f278b34f1ab144d96c50933177
f654f82d057b44f38a8ce5c23c46ec1f;Производитель Сумское НПО;12ee412b422144baa8e5d5bad77059fd
62f16a8b32bc461882b5fe0d1181c1d5;"АО ""Профотек""";
a328155682814b25807b97f9f4a50be7;Производитель Meidensha;3735d99f89c84f83ba3a33a02598cc7b
37303fb70c5543b8a1c7542596844f8a;Производитель Энергомаш (ЮК) Лимитед;65aa94967c2e44efa1b9070e83afd117
b71453f558e243be85758135806bef23;Производитель Хевел;7c891f3ea45e49e087bb5d9af3f0e2d0
e9f5233498104532b729b831599f9b68;Производитель Кстовский электротехнический завод (КЭТЗ);91a654402f65407789b5708479a44a0d
8c5f8a21b134478ba486f96706db74f1;Производитель ASEA;b3498a20a5d148f3a86a2d912a1cba5e
c96a01c8582f4b6ab59bb4a9b0e0bf98;Производитель Группа компаний Высоковольтные технологии;8ad8f3dc63f74c7595bf321dcce4418d
2e0b9006e3ca4946896af6889e5b2aec;Производитель Fuji Electric;28c1c3388a764f808a653fe271685d8d
243c48ce0e6e4c278d7bbea0d34fbaef;"Производитель НПО ""Август"" г. Москва";50ffd181585c469d986e9c86b65adb81
e8972af3ffcf4e899b5ec33fb56a5faa;Производитель Нальчикский завод высоковольтной аппаратуры (НЗВА);cc47ea10f65d4ba5abbde8cf65e7f3a1
b2cc439dc9db49379138f36070167ac8;Производитель НПО Цифровые регуляторы (Аникрон);57034cb02b7d4705b883a3ae3a06dc7c
916d00edfb1940b590edc775956ffc1e;Производитель Meramec Instrument Transformer Co.;cd72c4b2ad0e457ab6a0653e5c8291c3
daee1cac717d4f8ca02ec80bf270ede6;"АО ВО ""Электроаппарат""";f22507823ae34463abbba8612ac994b5
a456e4446b824b94bd0dda64cd0d6887;Производитель Motorren Agregate;9d388e40915b4a6ca6dc7873740e4e48
a7c5fbc385694582826e68795b53ce56;Производитель TES engineered by GENET;c9da083047314e8b84ece75439ddd6ab
e7703e515a2f436c85d32ef5045ab61e;Производитель ХАРТРОН-ИНКОР;8e053b098c304dd4bc634680e3ff8216
cf07b2b9d467437db6f06c9c2d5ee8a5;Производитель ООО «Автотрансформатор»;3ce2f099b2534a80ade2245ba4b4612a
ec0153d5a2d94d4db58082f509756da3;Производитель Государственный союзный турбогенераторный завод;7189e48c416740c3a2a7b68ed40f0910
dcdc33773c164b369eb7430564c66939;Производитель Чимкентский завод Электроаппарат;995fc3baca9a4fd0b924c406f3b59bee
32764a3cfcab4ddaa769043ef365da52;"ООО ""СВЭЛ-Силовые трансформаоры""";2768103751a943898f2cfa62ba02ccb9
265907335182490aaba9a8a625e83026;Производитель Комбинат энергетического оборудования Авангард;e8a9f7ade6f94d5aabe86e6bc61fad34
9503446802a0496a909b3e5977748797;Производитель Таллинский Электротехнический Завод;97ddc51043844ab8a5153d40f149684b
c9487eec691f46109fb757758a161142;Производитель Привод-Электромаш;924cff8b0a2c41a88fbc26d5d8741696
b80f62fb19d1441f871c1c831feaba95;Производитель KONCAR;8447131848d4492a84955bc283da66b5
c7ec11aed3a340d28858dfc5599337e5;Производитель ТОО «Усть-Каменогорский конденсаторный завод»;35f7ff0609714cf394e1a36c7d3021d5
c0020394ffa1438baf63f65785ba7413;Производитель АСУ-ВЭИ;31b2850230184330bf92d800227e78ab
3b1998d7dd4f495f908daa3c360e5fae;Производитель Yingli Solar;90b54389533a4646989684387627c291
d83279ebc1c74f2ca467ff1f7d1bb9c3;Производитель MARCONI;c5cad0afd847482ea89c774f8c02b3b3
b1d3a6a52c874e95945b010065ac0591;Производитель КЭМОНТ;abce4bf5bf7b4f9f8524613e4b655961
69f703c515a4401ca7f4ded336d5f2be;"Производитель ООО НПЦ ""ЭНЕРКОМ-СЕРВИС""";1a27c7a6e9cf4658be976defd271a216
b6086e799e594073b352d48f17e475d1;ESITAS ELEKTRIK SANAYI VE TICARET A.S., Турция;
a8e113e0a6af4ff5aba6f00fd3bb1416;Производитель ABB;f8174188a492422ca345704a2d1f9513
769233316e40460bbc46bddf38867b2f;Производитель НПП Русэлпром;923035f42a854ae992bf785dabef68a2
5095274dfd46450ca151de8cfac77aef;Производитель Schneider Electric;5d8f4e3e80a34e7e8c873cfb7184aa70
e04c9564ccb34026acff5c66ab67bcdd;"Производитель ООО ""Интеллектуальные машины""";354aaf3d76ab4ef48078c8d5105c68ac
21958a43bbfa4f5d817414708a8e8705;Производитель Идрицкий завод высоковольтной аппаратуры;c86cd1ca8a7d46349b284a7bd2fa896a
bd70f5ee1de54d6d8085c33078d372b7;Производитель Брянский машиностроительный завод;80978826413146bebcbb7b75fabb4112
a31b734588b548cbbfe56e581d6e690a;Производитель Ишлейский завод высоковольтной аппаратуры;8dc9a16ae81a46369d2dca7b593e4d7c
d67185fb73854297a013ed1d591ec756;Производитель Тульский электрощит;63af2298e5f0465bbc56b81642157ca0
48f6b9ef3df2462fb680a7d89181b3f7;Производитель Мирэнерго;5064e2cf264a454f80a1f3aef2465320
96e027185eee416fbb8f5f06f4daaa53;Производитель Sanbian Sci-Tech;637341a6c6774a238386ebc023fcdbe5
ba01ba8f02d24f9f80a93e095cd09270;Производитель Ленинградский Электротехнический завод (ЛЭТЗ);c86fed3812004638acae1f594666bc73
5ad276a785584c9cbc63c94423d60fa8;"ОАО ""Мосизолятор"" ";
3a0b98f78e9348bbbfb8ac499b90f7a5;Производитель ООО «ПАРМА»;69b78fded5e741dda970c7aa5b6f3f81
c0460dfb41b148eb85a7c7ea78319bd2;Производитель НТК Бреслер;2c5b98c791dd4f2db5acb21714d4ab6e
097e1881527c47aa9eed1c84565d07be;Производитель RTSoft;ffb5a702e2614cda81d7ae3bf6d2e998
6f6af20019e9465fa6658f5656038494;Производитель Машиностроительный завод «Молния» (МЗМ);8de14cbd45c74c0ea5c10a8b57d6d9d8
3b58de8b457f4b078e378d9795a5c4fe;Производитель Зоря-Машпроект;f3c6a60871804aaaa78bd11ed4e98731
acf8728e302f4f5d8867e9bf8c49e73b;Производитель п/я Г-4616 г. Тольятти;b28a60d589e44f29a5ee1b9d1434b1bc
bc495fe667f740cfa78357aa2de054a4;Производитель Государственный союзный завод теплового оборудования г. Харьков;1517b620c1e94ab6a0a6338de0f72ef5
a724592a642b444982880c935873fa41;Производитель НПФ Мультиобработка;f2c72185fccc47ccb4fcb924664d0e88
17b94774768342cca27e9d728e0eac78;Производитель Kawasaki Heavy Industries;c279932efb674d02aa9b77f428bc9039
b47095a7fbc547e283dd501a2d24ef2c;Производитель Сызранский турбостроительный завод;686e14a668834168bed9099ab537dc92
31b156b5cbac4f81be1893fbf665b331;Производитель Coelme-Egic;d6136ce5c59a41b5a303fb0c77e065cb
60f434f577254d3d927f06b2a3fb1a83;Производитель Электроавтомат;b3f7926a727144cc9e19dbf91969287c
06e6f90f4f764b44a674898fbd8fa6d6;Производитель Чебоксарский электромеханический завод (ЧЭМЗ);0ffba78e9c484457a004d2613b8ad73d
25ccdf1bd7034873b56764f314ddf766;Производитель Харьковский турбогенераторный завод (ХТГЗ);b06ced010eb146eea563d70dc0a303ba
37f4afc4cae54c2086720e79ab21430b;Производитель JENBACHER;0ba61214bf9c4db19f75f5ef4e26c29a
b7776592ca6e48718fd84923f939ff31;"ООО ""РосЭнергоТранс""";
2343c917e5b646eab4fe2337c3d5897d;Производитель Харьковский завод транспортного машиностроения (ХЗТМ);236e4e72f2f14b6c84146275c190f3cd
15d4e6b28a534c49bae9c585be4e779e;Производитель Энергосила;5e0ff38caea147699a729cb45f812946
e5193a9f69df436396beae60f97e932b;Производитель Криворожский турбинный завод (Констар);9ef9cae4fd274f57878ad82d3119320e
3c5f350b3f404892b1106bf3432d309c;Производитель WeiWang Boer Technology Development;2239750d867840f2a4220d71be7902fb
696b8fe6f38d4188b1f80e3cb0c28990;Производитель Mitsubishi;870767247dbb4499aba8f1a2cec83f78
b428aaf950fb428bb2616ef476bb50f2;Производитель Электромашиностроительный завод (ЭМЗ);bb4e750076c74e62bf9aae2b72cb9de0
7b1187c523fe4ba9bd9cc9f869ea7505;Производитель Электропульт;c1d11e5ae4ae414d9cf4e9a403ed41b1
3427c90aca184e1ca2c7b3151d3c2d5d;Производитель ENPAY;ab0cea5c745942a1b710337762af03f7
04a3b7ac06da41f0b21ee497028e5f5f;Производитель НПП Модус;fdb682d822b14f3cac41b8acecebb55e
0487512573d145309b8abc280ac43ce1;Производитель ООО «Уралэнергосервис»;9e01de595f954bfea248b1755080737e
a8d0a69989854294a8155d1bffff6ba8;Производитель Vestas;3ff9b59098934d26856905094b801c0f
56de0e64a9d249008af2e364aad454ae;"ОАО ""Запорожтрансформатор""";
61efd6f1e99b4161b56c7ff1ee16da4a;Производитель Sachsenwerk Niedersedlitz;35c787ab51224892ad1b9242482c279c
ee0319b57ba54a438695102bd2bf903b;Производитель Алтайский трансформаторный завод;8c5cdfc7a7f34c1892544be7b3b76621
863e826687f54b57ad56704462215a51;Производитель Hyundai;7bcaeab61ace41418afef19551d574af
6b85857fdd3a451eb10e54a614ce3307;Производитель Уралтрансмаш;6e8ccc2c7a8e44738c1471c35fd66382
2f24dd8ee57b40d0a5e6fe7910b57ab5;Производитель Уральский турбинный завод;50b5a30bbf7343d2bd596f876f00130e
f7a5c07c907441979b286b1b6f7bcf78;Производитель Комбинат Электрохимприбор (ЭХП);ce1b3887341f46338bb6cb312e56ab58
f2bbf8d8483f4181aa1eac8fb31ef710;SEC Zhangjiagang Transformers Co, ltd;10000ee300000000c0000000006d746c
6d76b19adbe941fdb5aaf33493cae25c;Производитель PFIFFNER Messwandler AG;c7c4797d23844811a0e3876632399010
a61d51558cae4ddd97afc7491d5e6b83;Производитель MaxWatt Turbines;aa42b5f56aff4e7ead7e643bd9bee0ae
dddf03158b724f419c734fdcb614cbe9;Производитель Харьковский турбинный завод;00e73b7adecd47328efdb1433056aeff
4bbbec9ad4cc438aa8c5a39e85790907;Производитель Сибэлектрощит;449f66b7204b48dc89a9bbbbec90a922
9f47df0004e84ecaa1c2fdb96f8749c6;Производитель Jeumont Electric;a9e83d66439c4b328000b705bb93b115
e5b9aadbb2d64466b1dd2f75c10e7e11;Производитель Новокузнецкий металлургический комбинат (НКМК);425a13689a594810ab196703ddc07856
20b117f7d5664b1e9d0520eb4206f670;Производитель Уфимский завод Электроаппарат;19c7ba83494a4289b54d72778d04af85
192e3362af3a4020bada5877e7406d97;"ООО ""АЛЛЕР ИНК"" Республика Беларусь";
a7a2530fbe8d4fd8bf237986520355cf;"Великолукский завод ""Реостат""";2a744724dc2c42ed864b64bd7728dbec
fcd67de2a6074f5194714aaec0ce10b2;"Производитель АО ""Авиадвигатель"" ";7fc109907aba4c5fab8f362c92cc0f63
97435438ae694de5ac2132762b5a78ac;Производитель Ровненский завод высоковольтной аппаратуры (РЗВА);c3d421a174d7434d957c522609c903fc
897d662d2b714c79a595b7afb60c9e41;Производитель Производственное объединение Элтехника;6e880c4a22104e589edd48b08690f63a
26af985e3eb34baaae287836e320870e;"ООО ""Таткабель""";
40cf83a8ee8c4a63b513f34fb27e0964;"ООО ""Электрощит-К"" ";
792617ed8da145819b01d3836876ddaf;Производитель Завод высоковольтного оборудования «Союз»;6805f834428f48019cfcb54f39d369a0
a7d243ae6a5b478eb05f005003f82a54;Производитель Звезда;0bf3dabb5d5c41a9804d9b8e76f19980
42d551fcbbc74633884825f5a3cbea87;Производитель Энергоглавстрой;1125205b2ca544b490b4ca79dd4d5d3f
a57dde8c6fd64a839ed1bca13c0e747c;Производитель Калужский турбинный завод;bf06334fb12b4def861896d39c0ad582
f10bca624bfa4883b2210b0c9567cfec;Производитель Орелэнергоремонт;7cdeca900940473681e7e86d3d997199
f491b4e4a0554cd5bf62584babc4ff71;Производитель МЭС-СССР Главсевзапэнерго Ремонтно-механический завод Латвэнерго;8c77a73d43ac42318772a47d19e2c03c
c0ff941744bc40cea45bc9ba260d3d01;Производитель Бакинский завод высоковольтного электрооборудования;4d66a786e64f448fb77d9ecf9fa307c0
b6e4e7899d03471e8cfa6aa6ad3434ca;Производитель Мосэлектрощит;c8003dfd343040988dcbc4e8971eb305
121f1d89e74d48b5ae683dbd7a309ad6;Производитель Свердловский завод трансформаторов тока (СЗТТ);0735847cf424496cbedcbf640c98c2ef
47fe9721ec934d919028f93def0f0b98;Производитель Высоковольтная аппаратура (ВВА);05096b3be4f243de9be2dc490e4dc3eb
1b0cfe78255546d5867cf320848de526;Производитель Союзный электромашиностроительный завод им. Кирова;b3812477883a4ed1af783aa46d758e48
71914e6776a74c5aae8d14dad7590151;Производитель CHANGZHOU XD TRANSFORMER;0fa37d5b87fa4cc7bf4fd501c04640a7
7eaba375e97e4edb9825c1f59ba12c21;Производитель SHENYANG SIXING RELAY MANUFACTURE LTD;67b76217928d44628a205c0770dfdcb9
9d307cd60ead48d08d4b03a82be07161;"Средневолжское ПО ""Трансформатор"" г.Тольятти";
f37352923de343339238608e728e9276;производитель Уралтяжмаш;df6f2fa2dbd0485c8dcb0da6ebd9393f
dbde0af6d660419e9696bc59e0f2c64a;Производитель Великолукский завод электротехнического фарфора (ВЗЭФ);cc71d728f3df4cc385c6d5e842e46b46
a7dae4e4cb874106a2278b2124cee4a6;Производитель НПО ЭЛСИБ;e105294cf6d848049adf4e4d262d6fd3
81d4182f9fb641b1a0f3daf3c28421c0;Производитель Электромеханический завод (ЭМЗ-Трансформатор);1da15ce8624c4e329b4fe345e40df2d9
7296799b1e344dcdba64dfe6040efe87;Производитель GANZ VILLAMOSSAGI MUVEK;
2210b0fe051740bebdcfe767bddef76d;Harbin Turbine Company Ltd.;
0cf4a2235a7e4019ad7a65003e3d2e5f;Производитель ООО «Прософт-Системы»;33e7e2217c24411c92317c8a2cf05535
6f30c11964a2469b9798f04268381627;Производитель АО Красный гидропресс;3bbcecc9b9af4277a16abd58422e73ef
0e051f6c58b74c61a591f14d28bc816d;Производитель ООО «Энергоизмеритель»;f5c117c8f791470ba5b7172fbd05dc39
4a27ed18639b4bbf82fd94b1ee9a6a92;Производитель GE;bca4155cc7ef4ec289521071aefc9a66
7a8108491a784412904e4393e7e7769c;"ПО ""Уральский турбомоторный завод"" (УТМЗ)";49572a7e292b4b628039fdc75937ecf1
77269f8a93dd456baa099a85d532b665;Производитель MECO (Иран);65af182f8d06424490b5cfc81edc8340
13b2a2aa551e421c9af84b0b0ce58e46;Производитель Xi'an El. Manufacturing Corp;4cf4c7d2cfe946a5a58e48dc6f0c0b72
e1eabad4cf3f444f8d911a05e63dc95b;Производитель Государственный союзный завод МЭП;b30aeb0a30ce4a01924c15cc8cbae850
d78fe0d67f84440db076b7015a41d513;Производитель НПО «Электромаш»;f904d3d267bc41daa7bf50272c9b54b8
cbb432b28e6e400b8cb7925f3b24a4de;Производитель Pratt & Whitney Power Systems;8865df1eb8994b9985d34ba25a844734
0bc5390f5b4e40fbae37bc25df13ebf4;Производитель TAMINI TRANSFORMATORI S.R.L.;bc5a0799b4474521aedcdee702e70175
c1dc3ce035314bcaa632ae1948a446f6;Производитель Ленинградский электромашиностроительный завод (ЛЭЗ);f70abe55a3bf434b922884555434c47f
c70f1d0d6b13448a99261cbcddc50b48;Производитель РЗА Интернешнл;4c6f1736f31a4b0d896c8534045fb161
20bfb2943f42426b9beb282c0fa49ba4;Производитель Энергокомплект;814cb8347cf74cbbb1b4cfe4a94ca166
aa679620be824f7493b2a9fd7d7be61f;Производитель Серпуховский конденсаторный завод «КВАР»;cffd6dfc905c42c1808cfbdc47dc6214
384587e4259748bf99f25f2ffcbc80a7;Производитель Завод Элсиб;b28cec1885df4a8793cabbe0058f551e
9736cf97eeed4ef9baa3ed4cce2f099d;Производитель Электротехнический завод (Трансформатор Калуга);dd1a54b7725b48e2a101c82a350505fc
b911dd5143354ad7b95021c692d5e36d;"""МЭЗ"" им. В.В. Куйбышева";
649089f97b3e4baa90e7809d8e31c5cb;Производитель ОАО ХК «Электрозавод»;397474277bac4f7cad700719cda4ba6f
c1d576becfbd4541a1f566cce113f187;Производитель  NEWAGE ;4854e000f7dd47b589b88b60c74bcdba
f480293d9f4f4772873f76b08251b057;Производитель RTR Energia;c7c68a7a219b433faa5f5ceb9f91a808
983d16ea87e54f1d84bf8813990574d3;Производитель Гринмакс;52fe7e623c8c4068b48daf83134849e1
277380e84921414d8d5c60b7dacd6e8c;Производитель Константиновский завод высоковольтной аппаратуры (КЗВА);f13bd716398c4b21bdbd0486478dd429
b118cdd8f3604d6ea056b7d21b2130a0;Производитель TGM Kanis Turbinen GmbH ;59047d10222e4c13a1577d728ddb6e8d
d23cc77483e944bfa1e5f2ebe1cc1273;Производитель TBEA;48c08f5737cb4f208ee12c946183ff5f
d90b8eddab13455aa645c33be8518946;Производитель Ansaldo Energia;371effe1c45b41ca988ef3c9b96175e7
70f9b5b94a0341b89f897f27ca9e2237;Производитель ЭТК Прогресс;18db64e2e44547778adcd0f1df94028f
d82a650a454b4a59ae00f65d02b10e32;Производитель Свердловэнергоремонт;d4850867b3334f6986f8dce437372fe9
4d264f910d9644e39d0659127e3f7cc7;Производитель Южный машиностроительный завод им. А.М. Макарова (Южмаш);a9c010e26cfb417b9b1ed8a607ea832a
2dd9344262ed4c169f112a7bab3a3578;Производитель Marelli Motori;9a06c54e62e54eaa91404e0940201d52
c32a0691d298486e9c3ca2a1698d085b;Производитель ТеплоЭнергоСервис;e927c9a8009c43b9bdd286106ab53174
e7b32c8ca66c4e798f87e3ef6e13e361;Производитель Росэнергосервис;a4f2dad1ed60463eb8a81dc4f1ff750c
d4778b917a8243b79e03e326bcb397ac;Производитель Аскольдэнерго;293203cc3a1040d9b327172ad5d999f7
3737ec38f3994cdebd68c7e8b39714c3;Производитель Электрокомплекс;f086b2a7e940433887be02bec0c52588
fe44bc74ff2e4c8aa002941b5e2a6f93;Производитель China National Building Material Group (CNBM);3e3dc561dfb04811a553343b85405a54
ead1016efb0b4e84a99850e5e9780bae;Производитель Невский трансформаторный завод Волхов;aa7cd41bbcc34c34804fabf5c1d2d948
80b29ebd8e7445dd882bef8df8b583c2;"Производитель ООО ""СМТТ. Высоковольтные решения""";0c7759fa3e9a4abe879199122c1ac69b
f6308287babd45d4adbe9c27b377af91;Производитель Finshyttans BRUK;9744ca1d88864ad99634276231cb2a9a
31859263df2146228e7852e5d4dcd62a;Производитель Wolong Electric Nanyang Explosion Protection Group;5a1f913f626347e186040bbdcc3adb3d
25f1a54e10e74cfa8403f026e1f41968;Производитель Росэлектромаш;e8a4c656c0cf49c395d8f6ba1a646662
2df4c010198a45e0bc23bdabf17d21c6;Производитель Voith Hydro GmbH & Co. KG;f723b0b3f45049dd9babadf0ec14e9b5
f014d7d8ac6746e2b8a4a7847a93ac83;Производитель ЗАО «Профотек», г. Москва;549f431f45844ae0a55476dba4199b7f
18ac167d06e448109c7f2b773c67c776;"""ELEC b.v."", Германия";
4c68c823a4fb4c03baa14b3bf9fb8810;Производитель Чебоксарский завод Энергозапчасть;612969825abf4019ab5ec6345b818ba7
55db48cbcd51463ba82792921e81d5fd;Производитель Красный гидропресс;6932375198644a73bced2fc7720a7666
4e99aa3b1c914252bec64cdb8bcce0a0;Производитедль NOHAB Швеция;adc1966dd8254455b566b43552bc8c16
86998293df4c47ca97b4caf108964df5;Производитель Электросила;504f8471ba074ee588aa159053c81ad3
3c7e3617fbdf4f4997ea533e5641f57d;Производитель ООО «СКБ ЭЦМ»;8217a46b227a4fcbaed9a029f18143d0
2ed392b91a224455a77e5fbb99d39e29;Производитель РЗА Системз;63295682a9594f3a91baa6aa684d0874
c1276bb835cf4977a07b0e33d8465a35;Производитель Ruhrtal Energie und Technik;f642e508978a41abb38d181b312531b4
d60d4a68ca66491194ae708abf11ace9;Производитель Пермский моторный завод;60a36b2e533649a0ad0af6a81e4f48e0
f79404c0ee114798abce3cdb5a74b683;Производитель Торнадо;8a6d899ac36d4770b62c2121fee4109f
3aae7c8e370f477aa7d5e3aad2cb9672;Производитель Брянский паровозостроительный завод;e52a6bd466b74fd7a8ae12be09e90aa4
11355383cd3d4732936f8b2f583a3b93;Производитель ОРГРЭС;0f912af3d77743d28fd1126a0b8a1969
e418b0c3ea8c4f899bc1c0b6323efab5;Производитель Winergy;f6d17093c307464fb384db4be9199299
140db62131be4a8d8994e3cee32e647a;Производитель SHENYANG YINHAI ELECTRICAL EQUIPMENT Co.;9b2413d8a1194d778dbc68ef2beac7a3
6e0985eab3bd44888e1cb6fac60f8b07;Производитель LS Industrial Systems;977930e145084335a79b9013024ffe94
6ef30f563f45412d88f9bef588132acd;Производитель Уралвагонзавод (УВЗ);a95179f7023e4651b86106a7861fdca8
58463996e4744edf914ba887c8614271;Производитель Новосибирский трансформаторный завод (НТЗ);fa21724b55b44cf685766ce5f46bdb9e
02fcd0b55b2449dd95b6a99856f0e418;Производитель Clever Reactor Sia;814ce7cfefff4aafbeb31529f38de26e
85de20a0de2443f68c1b6afb0bcce089;Производитель Киевский завод электроизмерительной аппаратуры;a7b06577c6cf40aca313357fb4f55450
3e1f499b03a44c77946942ef304e80a6;Производитель Панэнергомет;6699396203454e84b5c3b022e8994d46
285652a322e44ca290e136ebfdb979b6;Производитель ЭнергоВолга;e6ac79f3c28f4538b37da45e3809e468
81ec387e849c49ab8e0a22a4f551ec36;"Производитель АО ""Невский завод""";de135255c10243f5bdecaa5160704f58
a5f49a538fc2406885ebc318e1afcfc7;Производитель Севкавэнергоремонт;c9f1be254687491c88d72e890abb51bb
ef008b5237fb4bb89c278230531e7a4c;Производитель K-Kaami;a262afebc4294190a5d377237ed89b17
537f1ab8a8e248d3b95c5341cddc362d;Производитель п/я М-5111;f17d03f3e6c5444aaedc96c913739b60
a0054409762e408f882fb103dc50849b;Производитель АО «РАДИУС Автоматика»;5d0d115efb0942858b7ca7f29e438c79
3aea3e81b89844859dcc2f799e0aeba5;Производитель Кушвинский электромеханический завод;92d72e659e1c4492b2240a045a8f47c8
2292940abe554cdb861004c75fa07fc7;WH6.25N-172-110;
de0035af59b24dc7afcfd86318e45009;Производитель Великолукский завод высоковольтной аппаратуры (ВЗВА);11bbe435d1a04bc69c277d6b2668d140
be65830020614f01997bd6f1668e6438;"ООО ""НТЭАЗ Электрик""";cc247ec9e6744fd1aa95ca1fc7f801d3
fd8f154da11b47e1b6ba090af0e7f4ce;Производитель Монотомь;730792fca39342d39d10353d8334d78c
0eacc638b90645b1aecea320ce518b1a;"ООО ""Эльмаш"" УЭТМ г. Екатеринбург";
f0ed48f5691442c6b6a7d30b7de46517;Производитель Харьковский электротяговый завод;2cd8fb87f1ed4d068613ea8e212000cd
95171b6e905142a4b75d7122f77de949;Производитель Пятигорский опытный завод (ЭМЗ Пятигорский);ff57a4e5131948afb236fdeb31a330fd
6e9a9ccdc8ee4b42bcb912038c505bc4;Производитель СНТК Двигатели НК;8d5918c890144df29f91e107d6211bbc
253f06559c304058adee0c9acc57b658;Производитель TRENCH;a9300be07c7e43de90baac2ae9ccbcd6
6cee28273f10452b87b867650e0ca958;Производитель Tampella Финляндия;26718737d4b1477895df3c7d7ac8fe3d
1142c2cdbb764d31bcaf19e421ee84ba;Производитель Dalian North Instrument Transformer Group Co.;67ccaeeceacf40fda5a29943a7282c1b
0d38b5b666d74b948f300f22cb73e8d2;Производитель ETD Transformatory a.s.;dc7519aaf8ab4d3d8bedc5b32a31bc05
6d05035fa0e549e98e23aa9b382786dd;Производитель CHINT Group;0826b1dc88044f7ab74c5cc66d7c3879
95e2e81f983b4e91922c3eec28c51c75;Производитель ОДК-Авиадвигатель;6173837e891e44a18ad1f8c743db95e7
540961b4189d489cad73e9a2a2e9ddb8;Производитель Люберецкий электромеханический завод;6621a09f38d546a79f851f832070633c
18aa860de261430ab6170d5c327e4d1f;Производитель EGing Photovoltaic Technology Co;df5da5153d2c4eefa6e40576dbab6692
5ca0dc9d8759428b89392406ff308412;Производитель п/я А-7457;68178fee682b41b49a581ab3bdd9d75a
d433183d647448ba868bb67d9b46cd12;Шанхай Электрик Уинд Пауэр Груп Ко., Лтд (Shanghai Electric Wind Power Group Co., Ltd.);
53604ca1a5f44a2c8179fcec20107aa0;Производитель ООО «НПП Преобразователь-комплекс»;fe612d72df41488492286d92ec168836
fd298405a21a4d28a371213515580f92;Производитель ТЭМЗ;61c6684cabce42888215d5f63278256a
2a75a8d0f0a14dc090b97a9ef43b83dd;Производитель NOKIAN CAPACITORS;c45b5b0d1ad648ef86610309c71620bd
426bdc338d7e41a5b547d2884a37751d;Производитель Средневолжское ПО «Трансформатор, Г-4616;e4aa3031363044a4abc5602b0954c437
d8d5e52eea5a4de5bda093f5092a29dc;Производитель 1-ый Брневский завод им.Готвальда;6fa41d4a6c3d484d84d8d107966c7d78
bb257859156c444894b1939f3cbf5863;Производитель GanzKK;c64a721213ce43719ac087d07c24a104
4ca712d03c6f499ba91ca0f557c59a77;Производитель Bergmann-Borsig;96a4f8f3ea644eed8f54ef5b1622d6f6
98d9ceaf243141f2abf69cccd713cef7;"Производитель ОАО ""Айдис групп""";9755956038e44514a16041c9190ece88
22c56754835e4dcfb9b7a5756e75a3f5;Производитель НПП Контур;e1abaa073d4843a6b05853c9b0313349
3d9c0ac9ece0419ab29bc1bc26e753dc;Производитель SGB STARKSTROM;e62d397ce7854949995d64a96dbe73ce
0b5f9eb5467745d880c0be085f71fd04;Производитель ЮТК;2359f4d99c0f4970a63e070a9c1f957d
4f934ffeac7c4e12b3bdc3e655283a5d;Производитель NEWAGE International;f372810fac884e389b7138f6fb75c3fc
351ec47271b04a2c9a8d0d4cc9d8e9eb;Производитель Промэнерго;3d096a47d7f2423981c6dbf185207fd3
daf6eb4b6f36497081928eadbf7ca7bd;Производитель CT-e TECH Co.;e76b03c96b284eb8ab4d44f89404a915
d689cee60969491f9a3910b8e81f680f;Производитель РЕЛСiС;815b22ffb37b438dae1012bc3efdf466
8b43e0fc82464a368d036587171de151;Производитель ООО «Юнител Инжиниринг»;96cbe8f214564e21aae318fa83c98f5b
87c229dd38354ad7b25eef8abb89c46d;Производитель Nanjing Electric Group;2bf78432d85c45c58ab619a24583113e
0d61793f1d8146b08e3856a359bd59cc;Производитель ЗЭТО – Газовые технологии;25718467bd37456fa263dbf099951723
b7b9881c9daf43e799583f6345a6bafd;Энергоразвитие;
9639d6166c9a4826b4b4720e207f0d2b;Производитель Toko Electric Corporation;4359b5bf590f41e1a2b4a9c792f3201e
30f4b5ecac1149a7a60a08d10eb61f65;Производитель ЛГТЗ;40a548dbabcb4934854c86064d4a943a
17361d6bf5434acc81d8b2bdc2e467a6;Производитель Dongfang Electric Corporation;09bd4e02ea30419583238db98ab54ba4
ac387d35fbbb442293e177a1c4e522e2;Производитель Тульский завод трансформаторов;c83466a9dda7482e93f3a61183566e72
7444bdecc4614bae9a2dbee1efd35502;Производитель Курганский электромеханический завод (КЭМЗ);df0450f984694528bde2d2c6a20d9e45
c8d34165f3c24d26a92af3e640ebc01a;Производитель Промэлектроника;796661e2c24c48d4b173af5063f0e139
aa9524a6438e4a30b2eb33088bfe6ebe;"ТОО ""Усть-Каменогорский конденсаторный завод""";
171bf95dd8d942318231f3f9923596f7;СТС-2П-350-2100 УХЛ4;
1be2fe1486c84f7fbc590d30f14a8684;Производитель АО «ИАЭС»;ef3671f6f7de4e488905bc56d0eb1c6d
b817affa0c3d44a4b9a1c23b0931605c;"ООО ""ЛМ Электро""";
392eb4aeb29348bc9c3248427ea18732;Производитель Schweitzer Engineering Laboratories;3b168f407f3948eabb3f8bf2c4ca71d1
c70b208072bf484d86a2dcb88b689fae;Производитель Группа компаний «Изолятор»;6a204c1069f943ea833e35963ca769e2
88ba2a8393614b21a68c00705094b317;Производитель Stamford;10311651837d45089e3e89ba917a7288
0f28e28d57ba4d248474e1bb8b8a60f8;Производитель Брянский завод;622f739c152444f399b121c04ab3e181
e93074a18c5d46f3b96532e506e7a763;Производитель Атомэнергомаш;50aeb7b69b3248a5aecd34bf299a080d
f780929c48e14f1caea1e56f0606f01d;Производитель Технодинамика – АО «МПО им. И. Румянцева»;844f4cba70214351a387246ed9f57c78
f80bf54e3a2140deb789b9ee03ff77da;Производитель Cummins;44edaf6992bb4de6b7afea15e543c624
aeb5a358a63546189d0c22358a8d01d0;Производитель Энергоавтоматика;7752a52b36dc49029d0982c943509ae6
f9b4d1c71a574a9c8d52df27dc007942;Производитель Элпром-Энерго;e280fdb822e54fc389cc965e1815cbfb
bb6dccc07f294aa28387c540c18f044f;Производитель Неизвестный производитель;263e535fe42a409898e12c2a7fe546a2
775c643dba3d4d5f855bcc0509bb202e;Производитель Воронежский завод электротехнического оборудования;ba8b64ada0cf4efba2f226b280145504
8113512dd5574bbb8fe953637474a248;"Производитель ООО ""Баллур""";76f34009f0014bfd85b39e574a067203
0191866dcc554a59b8caa7a7f0c86d91;Производитель Risen Energy;daa101ff30ba41d289ada7cf1d84bba5
0bbcb4db2afe47229aa39b980e0476da;Производитель Группа СВЭЛ;af88cff5a7474a60957d15d2b243bd08
42d564af663c4916b370270714f9e503;Производитель ELEQ;c86b49c2ac4d4c6f9600d8922f15455c
1d5e2d08a76542fd9372fae7c396d56c;Производитель SKODA;361d598ac89b448492581c622f746541
49efc8d8f2924c54a7b33a62d58f9591;Производитель АКЦИОНЕРНОЕ ОБЩЕСТВО «ХОЛДИНГ ЭРСО»;640e484356c74db7a8a64fbaaca47600
6c95cb2bbca142c69ced600b1242b985;Производитель ООО «Эмерсон»;f907ed0635594c738ff90402efe86f91
071814a12e0d48aa84c87d44f4b9708d;"ОАО ""Электроинжиниринг""";140f1c43078445b5840ecfb045990916
7fe3302e4e194539bfe762a9c9e561c8;Производитель Leroy-Somer;935c6410ec924615b704e28219b5fef1
e47336a3ccf446ee9318e53e406c392e;Qingdao Tgood Electric Co., Ltd (Китай);
00301c779cd74d909d8b79cedb323546;Производитель Solar Turbines;b1e4a69facd744269404f68322a8ac7f
0e4a0178233f448cb9bfd9a303cdf88d;Производитель Подольский завод электромонтажных изделий (ПЗЭМИ);cdb8d5d9befe4c15ace7c424c04f21e2
4a071171d1584292ba706ef4a618c179;Производитель FLOHE;156f5b8724324a7fbd4f55fdcd3b056b
d71333b1e72b4f1abd2b1dc704db7c6a;Производитель ООО Конденсатор;e28fc559bbf74803a3a7edd657e70cf8
dfccbedb2c5943cc89fef8db97265c53;Производитель НПО «ЭЛСИБ»;e105294cf6d848049adf4e4d262d6fd3
3b3cfe968ec94ec788b99aa2e8f27591;Производитель Beckwith Electric;8093cd102c2a43fb92d8ff90dff54c24
2fd0fd7661404726b21b150a36e88361;Производитель Краснодарский завод измерительных приборов;43043268422941f586f0bd2a0942cedd
122ee01fc7d441cc8fb5e83e56c080dd;Производитель Электронмаш;a83759caa342429795526e2bbbdd1993
bf43486bedab4f7686e89099d8271288;Производитель Areva;8634a590c8d746c7b57818970445cadf
7f0cbf075738415abf2c2740d3a5e92b;Производитель Ideal Electric;fb905cd9c62f477db6c2040eddb714fa
7dd760348fbb41bb9c90c97bdb740eaa;"Производитель Лысьвенский завод тяжелого машиностроения ""Привод""";5fb6524380a34c309ce4b73b0a49564a
479f268413904ec1b2fdb86e4d4fe3a5;Производитель Stamford;4e737440b4ed46169caa14eae6f5d159
62c25712a94c4527843fe03b31dd5470;Производитель Березовский завод Подстанция;85cdb0ba83f34cb1948104c1e6c7afe3
806648bf087d45098e47e1df8e161190;Производитель Русские Газовые Турбины;38235a9e0b8b479ab98f15f670179af6
bb8291fd6332413db42d39ba2f447ac8;Производитель AN Maschinenbau und Umweltschutzanlagen;92f03db1ae0744948eb28026859ba2f3
d4843bfb858e4bee8baaa7f522197902;Производитель Тольяттинский Трансформаторный завод (ТТЗ);a2dc01510b674c8f976d1cbc2992a44a
d9023caa114148ac8608d13f6e99f73e;"СВПО ""Трансформатор""";046ca4e5d349455c94f8208999704a71
a9da79c11cf74ebd906b3529867b8326;Производитель Новокаховский электромеханический завод;ab136912639f468e8a6b5b4b6b8c86e5
af7085965045415eada817303189f44b;Производитель Шаньдун Лунен Маунт Тай Электрик Эквипмент Лтд;0dd69b5471f24d699ab8f1745a43908f
5b1762f8128a4ababbb8f664e412a917;Производитель АНФ-Энерго;d58de90cf6d34a2bb8eb0220d4104dbe
be2ca85b9128428889214de768d1f0ce;Производитель Невский завод (НЗЛ);ffb490dffe2241088796c1a741b07af0
5dde3a88b25b4e28a3d0a1304dc7437e;Завод высоковольтной аппаратуры;
baffdb3ccd92487c84b74ea8f9c0317a;Производитель ARTECHE;db64c1554d1048e9971d2fe9a9c8c0c4
8575faf0174a4295b4e7796083b0045c;Производитель Электрощит-К;f6c4c98b2ae94bd4b43c45524793d9f0
31466e7d98614652b6e3e739300064d4;Производитель Уралтехэнерго, г.Екатеринбург;4d1c9135379f4300bfd72b91aed25328
fc841f69aa3c4c25834c73c639f67144;Производитель Криворожский электромашиностроительный завод (КЭМЗ);e6484ec181e14f35bdcc94eef50c141d
7f17d94df131469ca610c9da1fb64890;Производитель Zelisko;552b333bc96d473786e4731a154d9b2f
87d330aa91dd4de6b932c254f98a21fe;Производитель НТЦ ГОСАН;12c96f718c0b49278e3284222fbebd94
d0ece5f9f73244b884607e6ed5fb8457;Производитель General Energy;10c2321aabf84c6ba852bcd047a4bd1b
bda12cf864d64d7aa073ba2fe386b537;Производитель НПП Бреслер;bb9b86043d6048e6b9412236d22ad3cd
e6034db5a63f4377868e7395d42a5698;АСУ-ВЭИ;24499c93d751456dbb17893701853931
2f3524ac4e994276aff1e7c82086834a;Производитель Завод высоковольтного оборудования (ЗНВО);28b583e9f8e9459bbbc761624f85f062
0f4b710b8eb749ba88670d3e32088596;Производитель SHENYANG TBEA GROUP Co.;d32be2a7029f44cc95593236bd46161b
93abe64c245e411ab25997a9c9392fe5;Производитель Элтехника;dd90bcb28c224355937d1f982eb285c8
135cacdb6b8f4b069e5eacdc32c35fdb;"ООО ""ЛМ Электро""";
8370dec42899422f987980de61139579;Производитель Пермский завод высоковольтных электроизоляторов;c7b7d508324e4411aa5aceac85b665b5
b7808ebcf85c4048b82f7cb25d1e0064;Производитель Сибтяжмаш;7514bccbbe5848388c023161f49cae38
48c4916f0b1c4985815f38c20a9a0d3a;Производитель Сибэлектротяжмаш, г. Новосибирск;6b999c92224948afa0053c7b31c2bc3f
8f6292b922e647dbb368fade4020c0df;"Производитель АО ""ВНИИЭ""";6eac36875d2d4971bb93575ce4eb1bc0
e409cb2eae874ef1bea87c103cf516c6;Производитель Завод силовой электроаппаратуры (ЗСЭА);69cd3c8181084448b8046d44f9f7708d
6c29faf274f04cfbab6c14bdf048bcd5;Производитель Гефест-40;e6cec8261e6e4c16b4ed98d77e8e79ca
e3041e1938814738863d79ead81501cf;Производитель Solarfun Power Holdings Co;cf53ba5dcdff41a68e067d50e6b0568d
7e21e083996a4893a2ba5f78e9b984e5;Производитель Guandong Sihui Instrument Transformer Works;91af6edfc8004ec095f4006ad8962430
458835d819f64c5ebf894a7e730c8d29;ГАНИ;
a376b17f134544dc888cdb5155846f63;Производитель СоюзЭнергоКомплект;beee3f24d8164d4fae47fab0a419b77a
bf4751589f3e46609fb25872f9ad1d36;производитель Стремберг;a4844c678f3047549b0743a77c98fea3
cf26bbc811a442aba1ec295a3cc51b6b;Производитель ООО «Трансформер»;6f64c4bde5a847f989ae04a220edbed2
3a2ee5db5c3b4d5980e514c60446dcd3;Верхнетуринский машиностроительный завод;
e4d2f7748e7b43f8bc0bc9c5e32c8ead;"ООО ""РЗВА-ЭЛЕКТРИК""";
c7afa430be374efc9cc5c1bf3fa72bd2;Производитель Westinghouse Electric;e069a66ed0604213a9d7dfd6bed429e1
ef545d905dc94c0aa245649aea644ed0;Производитель Запорожский Высоковольтный Альянс;a373a341ba02411298037600bfebd729
c2c06a9f00864b519ad59fafa7515e8a;Производитель Nanjing Turbine & Electric Machinery (NTC China);e1c8b629005546c48c2482bfc81f65d6
df413c26254e476abc59e7bc94220e6f;Производитель Энергомаш;a200e9d1d06b401482061ae9b4070f46
3be337de6ddb4f178cbde0844d5306ac;Производитель Энергоимпульс+;ce44ef3be8034b11b9b4890e7a87908f
301944b655e94a15ae5e0d9000033e05;Производитель Allis-Chalmers;e024bd5f88634fe1a590b07a351c1418
dfdf590fa8c445cf8c2daa000f5d6872;Производитель Завод трансформаторов и магнитопроводов (ЗТМ);3e808f37727d4d3090ec87657cbc5d17
a1e3f364892d44b6bc42f40e49ddc454;Производитель Электроаппарат;00461a13f6d34962b61062e280efd3fb
25abef639e5f45a5945d9b09cf676b92;Производитель Metropolitan-Vickers;d74ecd4bc6e94ba5a8368078cd168c46
af91177ed9b541f1a8d49388385b7c8d;Производитель Челябинский завод электрооборудования;f1ba47a061684dd78c171e2423d8fb16
d5fa3cee700c455d86274258d7559dfd;Производитель Лыткаринский арматурно-изоляторный завод (АИЗ);544b2cc4f9a840f0a17bd8506e85127e
d93a9c191a664a42805ae08e44386a54;Производитель Урализолятор (В-2741);f97c148ad2a94bd6964760c0c9980f8b
925e06f8c9674a21b4b659519115684a;Производитель Converteam;92fa97f2cca14087b72db5b4adfc253c
ebdb9f2495a34153860b4c58ff145ea9;Производитель Константиновский электроремонтный завод (КЭРЗ);7156b89b9db641fcbbc83c2efbba53d6
f19bd7e70993488da25fcf492a44cb58;Производитель Wartsila;0b2f333d13b44bb999b3b40f744344f7
e2e8a332d0bf4b1ab67c2703ccda26a4;Производитель Shandong Gasosu Group;ee33f61e14fd430cb78ce6ef7f0db9e9
7ecf53d136b044e9835fea6fe3bc0bdb;Производитель Электрощит Самара;26536bc8738a4e6689e33b805a4ae107
702a058a185b44ddb731930478da93a0;Производитель Тампелла;b9b1eb9c572b413db1fce89ef8a8c100
790dc178eeb84ddba6d098966caf106f;Производитель Турбоатом;0d0d3b94479d4a9d9ed407ebdbffa4d8
16db12b1b0aa47539faf07803f105b75;Производитель Cedaspe;b517195863b14dac9a0f2a283305e0c6
59bf603e2a6e4112981ec16566b1812a;Производитель Технопром Инжиниринг;370d4ce3f0264323bcbb559b3f11cc26
ddee3b0984294282975c3d1478f7c5e6;Производитель Спутник-Интеграция;e02a6f62c82144d5a06def75cd7e73b6
4da4323617344304b689bc85149b5657;Производитель Уралэнергопрофи;826d00972aa041e7b908062e7eb34c54
e0ae60e5c3034563a70958b05c0dd228;"ООО ""КЭМЗ""";
81cf26a02be844c28f32018cf1af5f01;Производитель Камский кабель;a278784ac5724140adf481bd9dd43235
aa1d1282c5a747e19f33f534afb6c96d;Производитель ЗАО «Электрофизика»;bb68175f58ef48fdb7f6dc121e94dd79
9f0d45e0773c475682e451f5e15d376f;Производитель НПП Микропроцессорные технологии;5de37aaa92fa4bad8909e367451bbcf0
bd9bb74cc16f402981a6f613a45337bd;"""Электрощит"" - ТМ Самара";
54f757d588c248ef9a421807abfb09bf;Производитель ЭМЗ-Трансформатор;a13670eb0220437eb147da37931a6798
0320f89e8e0545a69ec1d1f9affeb847;Производитель Гжельский завод Электроизолятор;c641373190264e019d49d0d2ed389423
744a8ffdac644f84861c4dc5ce4f3d50;Производитель Псковский трансформаторный завод;91cec7777e6744749a8eec934d560971
957bb8e32f2a490487d618c709ca6f96;Производитель Sadtem;543f6d4e23694c2da3514089c2c014e6
f567dcc3899348dba3bb880cc885ff62;Производитель ТВИ Электра;1fc6bfdbc043408a9a454cea71344d1e
10b3fa0b838d42af9b07dce2538b1fc7;Производитель Sieyuan Electric;bc235d4ef28f42dab15560face2ef123
96484aea3c6d4f9fa12bb6f4ac63b773;"Производитель ПАО ""Завод реле и автоматики"" (г. Киев)";454c6dae62634934ad9c1cccebf85382
146150ae27b8414fb7adf15874fa9d55;Производитель Zhejiang Fuchunjiang Hydropower Equipment;1e924a0418d84b458700a2f8f239e6eb
d6ddc7deaf2f40288e3090abf19d4435;Производитель Белгородский электромеханический завод;f19593d6126b4ebc859fcbbecd8a2839
2667dd60641149c9b60a30608ebb6dfc;Производитель НПП Электронные информационные системы (ЭИС);60c42045b9554403bcbfe13ecea17fe8
df526ab418a54bd8b4d40ee16f382540;Производитель ЦКБ КЭМ;c1a2f600bad146019225bc18863e18ce
89adacb7d46e45efa8278a304902167d;Производитель Crompton Greaves;6909ceacf5e1480da420609ad0f95993
a645783dc81c43aba6cd2881f0563610;Производитель Enercon;31153b6a269c49c29b4610eace161067
d1de5594245f4cb8a701cb90df723496;Производитель Elektrobudowa;9c44519be3794fcbb251bfb403e1af6d
1c8250621fe94e7285caf04ed256615c;ТРДН-63000;e03757fe04e54c8c9de6a1999ffc502f
75e30d48b57e4e8b959ffd483a15047c;Производитель Turbowinds;d47ffe04067149669cdfd39bec5218a9
a478a8e7e6394bc49f6fcacd364981c3;Производитель Gamesa Electric;228a9d4acc514bd8a38f4084616139b7
c0d5deb56d0c431bb9de0b3d595bdc4d;Производитель ANDRITZ HYDRO GmbH Neuner Engineering;c9ddb24d46944039bc694735fb7eec03
e4ae9ed8213949529992c44dff41e4bb;Производитель Electrica;b993c65761c44434872e8c7e41a1897b
1055f04485a64150a46ab2401df129af;ELEC b.v.;
89e837c8f8804b1dbb2f522110f5ed2f;Производитель Passoni & Villa - Fabbrica Isolatori E Condensatori;e2ebf53f05b944f9a786abe9cf568cae
9d8a971d15754f05be0cd18ae7e6fd0c;Производитель НПП Контакт;7e1b49e034c045f099c7ef0c738d3748
9db7d02d604a4899ab129de3502a823e;Производитель CGS Instrument Transformers;b2582e2a029340959146db0fd7e4fb4b
eafdfc3105594feab6b7e033e646d48b;Производитель КТП-Урал;1e2f88df4df049059e852ee2c5ec94cf
9d64de47292742188e16ccad180d880f;Производитель EMIT;04d051fd2c30434e9b8421ea9e3e7418
3ed12b50a514405fbe5d1cfcaf75a3c4;"Производитель ООО ""Уральский завод новых технологий""";e8062ea5c8e64dbabd29c24515f1c9bc
13e7a8e278434c5a8ffdcdd6586767f3;Производитель HEYI;d229c9d5a9aa4c1695d242df5d0e8b4e
84d341344fab4fb8a86ca0aff21a1d1e;Производитель Энергомеханический завод (ЭМЗ);40dd56ecca4d436b9196bd7a14c1ddf6
2bdcd1c36a92454a92933ec7ba13145f;Производитель БСКБ «Восток»;4cf391788858430a8c7577b8a5168965
7cda06b05aa049cfa5ebba36f13143df;Производитель KITASHIBA ELECTRIC CO.,LTD.;34a023f3d42d49169822cd498a838eb5
82006ab55b974291b337143d6255432b;Производитель ТЯЖМАШ;e647a1c165d94ceea4bd686facdf9cae
59eba36383c24c9b9ce8fdee7a74d7b3;"ООО НПП ""РУ-Инжиниринг""";
48d38b4eb7204756b584d32f5792b911;Производитель Мытищинский Электромеханический Завод (МЭМЗ);b89b56490f0247ba87c150fc65ce03d8
d324462cd78a42c79144f0520826db0d;Производитель De Laval;1a8fb83971d14efcbd4f6a6ce0edeccd
eac6df5c6e454b23936daa1d9cf05d00;Производитель Рыбинские моторы;8fde5c29937a49b08c262fea47ed632f
90ee45fb9e49400fbf7ab737806f9345;Производитель Rolls-Royce Power Systems;7749db190df94983b7430bc9fe47c8c3
21ebbfc8c83d409a8ee024125d4d5ff4;Производитель PARTZSCH;5a4e53d2555946568839ce9dbbc79e0d
a4a4828d3f994260ace5d3e7b1fbf26b;Венгрия;
2e8ec7f6a0b648788dfd4057b5b75482;Производитель PBS Velka Bites (PBS VB);77231704374c47dfa323b64ca8d2ee04
7fbd16a7c16442cda860636085e0765a;Производитель ОДК Пермские моторы;ed5509772caa46f2a02061001a3bbcdc
9e685a22f33540a3b91ac5195e7ce0ee;Производитель Контакэлектро;91398651ea54454c915eacc04aceab6f
35c5611d525643449817b34762fa9a19;Производитель BEST, Турция;6d8f484c84bb4f35af99573972fe581e
1d0e91b5df644b2eab04dbb98588abe8;Производитель Suntech Power;eaa724779aa74eb495d53e8be93bb469
0d246d1c7f7e4d65bedcd494a4d25576;Производитель OUIMB elettro (Виченца);57b2a59647f94778a459eb00a54e9592
fd2c6cb6b07d4476b02fa10f616b3150;"""Производитель НПФ """"Модем""""""";33ea9c9c42ba443bbfdf215c0cb57dba
f4f78f976aa54463ba6f369e8aaa63d0;"АО ВО ""Электроаппарат""";
1f9e9054f65d47c5b997a83c5f7c0c57;"Производитель ЗАО ""АВК-Энерго""";a4fb1e84eb69418d81617702bf30e9d3
a3685eff5e36402f860e7b31fa169593;Производитель Таврида Электрик;6c5a9b44a6c641d1b6f0261e5f9fcdf0
c5ca6dbcc42048c6a4d4747a85802cd5;Производитель АО Красный Гидропресс;a225210c4b1841bd8a3cab46336d2381
c9b69867cdc9476894f3345c623e56e2;Производитель Релематика (ИЦ Бреслер);39fc15eef0c747418fda7d88b906b40e
c9bb78c046454ecca7b97a0b8cdb0d87;Производитель СлавЭнерго;49a7cf18a97f4dc99e3cfda4e69f2ba1
42bd9bd4f63d4bcba3e7aba5c00b84dc;Производитель Лысьвенский турбогенераторный завод;a3a71e12857e4fbdbef2bffeee4c243d
649116f3a28d4ce49a03fef68cb11133;Производитель Yixing Xingyi special transformer CO;d37ec5bc909b4ba7b2228a967494538f
cd6452a492f74d6fbd61d1782432d481;Производитель Новосибирское электромашиностроительное объединение;9995571883d64178b96cbecb24277545
fdc89bc37c514f20af30dd972ee68945;Производитель Jiangsu Green Power New Energy Co;a2233768be2a4aa8b127bfa8daf7968a
da25240be830431796733697aa58e315;"Производитель Г.Ц.М.О. ""Севкабель"", г. Ленинград";2f037933110840578f709e7e71c37d05
f0017fd5b76e44b9ba5c597bd85379ec;Производитель Биробиджанский ТЗ;b2226c46de2d40dba15f87f27e76a6d8
16c061d520fa4eb9a66d7c5777e43f66;Производитель Уралэлектрокомплект;b77d6a2364434edb885aed2df5c0fc85
2ace02b2a1f94ac28a752c23378c01e1;Производитель Brown Boveri;1b4a90c4feb0419ca8b9e0e85c7c4dca
2659a8ef36554497bffd1a7674f77b99;Производитель MWM GmbH/Cat Energy Solutions Gmbh;296df3c3734445498cf992c47d5b6868
5d73ee5fac1745078905acd4071fc330;"Производитель ООО ""Кончар. Силовые трансформаторы""";aab9ea2eead74b169b6e8a25d95ee2c3
ec2cf3218efc44e1a84ffe636d77c755;"АО ВО ""Электроаппарат""";
17def7d4d37c4760a7747915c3ac0658;Производитель Харьковский электромеханический завод;3396d8c8d4c74adaa5981bee3cff0c12
f4595c1fa91c4797a56a0e3f11bfa796;Производитель Усть-Каменогорский Конденсаторный завод (УККЗ);f3144e86e791450a987b541b21befff2
012ea47dfe6c4231b3ba881f6bb3fd1d;Производитель Свердловский электромеханический завод (СЭМЗ);de22267d760144e1b8bbe4acbe8e4f17
13c4af87ef004b9fbe9b5a961841a91f;Производитель Элсиб;efc6398201114f718ffd0f386f4cec7b
dd532ba9561245c887b54a0437805dde;Производитель MAPNA;c3f4d9e04ae24a76a87fe2332c731899
0d392122f4e64c27a180fdada5dd2bbd;Производитель Ставропольский трансформаторный завод;2325bccc0dde42efa9ce6f4b2bb13b07
4476eb322b4f47498458ac26e95b74ad;Производитель Unigreen Energy;855cbd101a2f4fb2b1144794422f96b1
bbf052fb21e546f5945788ef7945e0a9;Производитель Кореневский завод низковольтной аппаратуры;c3a21fcfb9204e67b5998da7cc8df131
ddd14ee3aa78444985fd0bb28f37579a;Производитель БЭСТЭР комплект;ac2a796b151149f58404f55cdb04cde5
5959fbded4b54d908ccc7b58aea78a2e;Производитель Nuovo Pignone;f9606cd690ee49599bb2df97a61aa483
22fc134809c74031a60316a1b52abbf3;Производитель Новочебоксарский электромеханический завод;aaadc775410c4d728a616b8261ceeabc
6a83026fca634a36b3269b18ae12e2de;GPPV New Energy;
4b5f2714f3524e78bab095d93e7ea507;Производитель Windpower;35a5b68432254a15b75d569c268fbebc
9e84c15bcada4cae8f5fd59633c42608;Производитель НПП ЭЛВЕСТ;29bd1120c1e14b19ae61ee99bb58352a
b520602b43984c96afd6cea0edc82a42;Производитель ЭЛЕКТРОФАРФОР;e83b9ef2382a4fb6bbc406e9706e758d
d3ce6c5e0e864603b985e3304917e448;Производитель НИИЭФА-ЭНЕРГО;88817e6aa7074231a43fde0ccf209a9a
7ad3c7fa16794eb08574075cb9e6b11b;Производитель Московский Энергомеханический завод (МЭЗ);bf29e442c91f43e69c7c35d77630b15a
8e95d9d6ca144f86acd9f649d93891be;Производитель O'zelektroapparat-Electroshield (Узэлектроаппарат-Электрощит);f8d4b388348c4b0b8d96ac12090c4d60
2508ab415bf940e1a156bd3e04eab478;Производитель Уральский завод энергомашиностроения (УЗЭМ);00a36db418f547568bd8721a930e3e8a
a7d4f475c6d4445ba703c2d208d323fb;Производитель Shenzhen Kstar Science & Technology Co;449f684984fd46c3a4b7f608cbb1728d
5f7b8ffd8dd84826be59c89bea7d7f42;Производитель SIEMENS;df821a7fa1f144efbb5fcb061820f6b8
3df347307bd5455db822fb49b4ccf464;Производитель Чебоксарский электрозавод трансформатор;b6920e34795a471c94327fb6270093bb
a210204db01d4719b92c14182884bc96;Производитель Регион-Энергомаш;1d5a73dbffc64b04830eb79a144779d5
7d282f10e1c540fdbb6a5eaf85ce5617;Производитель НАТЕКС;e84da5a5deb44152903ea332c7f7b9e3
b4c2aeef6cbd49c2bd84f008f91daf19;Производитель Силовые машины;0a37965abbaf48efbefd743f55348e68
7e6eb30f6296437abb2073fc815379ed;Производитель Borsig;4c93a9ab602a4209b8872b616c6c2b83
c518e8c564ca4df2a13aea47bf1bc752;"ОАО ""РАМЕНСКИЙ ЭЛЕКТРОТЕХНИЧЕСКИЙ ЗАВОД ЭНЕРГИЯ""";
8b66b9911c484de98bc8ae123c79bcb7;Производитель KWK Messwandler GmbH & Co.;575c94efcce14ff8bf4950966f48e741
4a447237b3e74a57b0441e6d06c83c00;Производитель Самарский трансформатор (Куйбышевский завод измерительных трансформаторов);8fe39baccfa04134a8818b06bb9ec1c6
24be69aa044a41dcbabfa06d1f6c8384;Производитель Coil Innovation GmbH - Power Inductors;c6ec4b4548034964ae435c8140fd5ac3
19f9e80f121e4047af74d58697e07c02;Производитель Запорожский завод высоковольтной аппаратуры (ЗЗВА);d449bf5d8c734d2db2504c32960afcb5
4e7bba683ba9445e87fb20e95352d46b;"Производитель ООО ""Электромаш""";628fc1582f134f0b8cd491279137f735
7154fa9076b34a2ab71e63f7f720e393;"ЗАО ""Полимер Аппарат""";
8846779cd1f1413c8b5ef4341426f722;Ленинградский электроаппаратный завод;
a28bd91fc3684d5cb309814efd3571d4;Производитель Хмельницкий завод трансформаторных подстанций (ХЗТП);c310c2eb28cf44bfb078c1cb9234acbd
daa7b4850fd4423995a7b7478454e8c7;Производитель Элеком;def2409bbbc348ec8272c2a506ef60e5
83a147b2a85248db9f445f8e5ee6755a;Производитель Уральский завод трансформаторных технологий (УЗТТ);98f66968ddbb4c93b89e742fb2061a91
e93da3a0a68e4285950c910fc381fcae;POWERGEAR;
890af442e8ca468bb114bc2da9b3cecc;"Производитель ОАО ""Запорожсталь""";7a482815f2784405be4354b31d36fb5b
fedc1e4873cb46f5b5949c9c9857321e;"Производитель ЗАО ""ЗЭО"" Великие Луки";2347c61efeff4750923ad54d7d0808aa
593cc315f0c34b138bd71df138e8f0ae;"Производитель ""Пролетарский завод""";0cdee16114a74954a62a5d5b05f2dcb2
34d1f8e8f8144a91811f62e097082800;Производитель НТП Август;8cedb932d71c47dd83e2fb5ac22e4b20
35f344b740c848778db5aba8b8e8c726;"""Производитель НПП """"РЕКОН""""""";fb02a44ac8744ca3831b5c849134bbc5
ba6112fe5fc7400a9604000eb04193d1;Производитель ЗАВОД ИНТЕГРАЛ;ebe883d5e02f4955ba41bf0b862c97b2
34ba48c23b294274ac8c6af8aadffa66;Производитель СвердловЭлектроЩит;7a10cab008cb4d01a633f1a0b52c2280
c1a0618706cd4ca4affdc170aa828abf;Шанхай Электрик Уинд Пауэр Груп Ко., Лтд (Shanghai Electric Wind Power Group Co., Ltd.);ad73a108af8b406b8ddd9eb266ff55a5
5dad0ec79cbb48d4840600a9c29c85f3;Производитель Вологодский электромеханический завод (ВЭМЗ);7db44185e0344453ad91dd9f9f72b8bd
238d4734f90d451a8b7a3e2117cf89ed;"Одесский завод ""Нептун""";
37e0e729f9134d62a74ea0fdbdd7542f;Производитель Астер Электро;26600451458c4db7a62113ac5a24e6b2
277b9f336c664f7194ef149ee82379bf;Производитель МЭТП Главтрансформатор;b77c4065900d4848b27b5286e1e70684
517f12119f21436d9d1fc2101c1e6485;Производитель Allen-Bradley;23b907af1bfd4bb8b38bd7781e01a3fe
cb07426dc73044dfa75d0860129f07b8;Производитель Минский электротехнический завод (МЭТЗ им. Козлова);b328b8d365774de1885dcbd09bd1891b
7a3d212c7be748b786e1de983014b3c4;Производитель Запорожский трансформаторный завод (ЗТЗ);a2e7ba8f361444079576730d4c033cac
bc6f6b41605c4db7a057456506996eb1;Производитель ЭЛАРА;b1f0cac2f918483cb5cf35901e5be179
b43cdeb146cc4e3aba5b7f0fa9534347;Производитель ИНСТА;e4868e7b021b4b5d8348b42420bfed74
1013b0668ea44c3aa25c963ca42e7165;Производитель п/я М-5586 г Новосибирск;7c9553305f084eb59d53fa567077c6c5
50f72717385449b4ace088c1f0887bce;Suntech Power;
f5cbcdc71e2242eba3293ddcf5714dbf;Производитель Куйбышевский завод измерительных трансформаторов;52cff046498644cda1111c48a474a2d3
64e09c6104324a6daaf67dba8889af1f;Производитель Hyosung;6999dd1bf3c84816bc304f4690197bd2
21ccb5f571e0490a8caf43da46135cd5;Производитель Завод Трансформатор-Реж;0b72a06831ce4ce487d5f10527cd7c9b
aedb16b7ff9146178149bc17127a6032;Производитель ALCE Elektrik;fc2bb31afa4a4e1ea8afba92316a19bd
4affc6bd32c6415280cfaec0da136c79;"Производитель ООО ""Живая Энергия""";b2391cbf94a546bfad83ea952c967342
0b93808ddbcb453aa27eaff2d3fc7865;Производитель Красноярский завод цветных металлов имени В.Н. Гулидова (Красцветмет);5149639eb24640b8bedbe24a1059ee4d
1b5688d970b14486aed0feab73d1832c;"Производитель НПО ""Энергосервис"", г. Самара";c2f438c6286f4376b375ff5ffcd3e576
db1ecc24ff5f48e6be6ec69ba0288ba2;"Производитель Мосгорсовнархоз ЦРМЗ ""Мосэнерго""";ab5dea93545b485e9dc15b5740143da5
61e020655541438f9fa588b7880b95c1;"Организация-изготовитель ООО ""Сименс Трансформаторы""";473bd0721677404789a5fc4075af334d
3e1166b658954a85b60f8e28941b8a34;"ЗАО ""Энергомаш"" Екатеринбург - Уралэлектротяжмаш";
e64894de6407471986c96b2ad02be0eb;Трансформаторы тока;bf79dd28baf64f03af568baaa8dfcd16
aca6b7cb9db542bba3bada66b1b3699e;ТГФМ-110;bc30130f8816446f8b5fcaa984460cdb
973d61c465414793978f863c46b1492a;Производитель п/я М-5972;f818598e556747b3a930372e41d8de5e
2dac398492584171934ce3eddc925bfb;Производитель Ritz Instrument Transformers;33219d44c0f442d892d0f8ade42db30a
4624ca6145bf48eab9fcde0b8f0c18d2;Производитель Энергореактор;521f9a4a20a144c198edbebb3377362e
f8ea8b36869f48f2a88439e9fad0fba0;Производитель Basler Electric;3733a6685c564140a3cf150c189e2021
751158caf2c247e3b69144995484c556;Производитель Русский дизель;a33059c273cd4f9fa512e9ed447a4344
1fb0dbaaa4b54342b0c34765b2a83309;Производитель РосЭнэргоТранс;52db0192d2124bf995fcb9d5dff6a78a
2b97b3164cff42ee886719c595bc0ee6;Производитель Electric Machinery Company;ed66b294245345f8b28d5f8d0248da16
e6eeb0e116b44b509ae89d41009904ee;Производитель НПП Мотор;6249d12ee1aa4c1c98eefc927bc80ad8
042a8d2dd5204bb798477a0363bd277d;Производитель УиндЭнерго;4978f2e478f84c39bd9ab54a9166eace
338ef8a33d644cc3a5ee347509017291;Производитель Калужский турбинный завод (КТЗ);77cb0f33ce7a4ee583e163a0b4c47109
c5467bcafa8749f0ab3fefe95388d4b1;Производитель Кентауский трансформаторный завод (КТЗ);6e6e939cbfd543d3ba403fce88f9be4c
a7a3a428573b400d88f1e49159422adf;Производитель Центральный ремонтно-механический завод (ЦРМЗ);a501d83903884df18d9f2c994397f3d6
9487af45989b4eeab95221f005e1ac51;Производитель Хелиос-Ресурс;74af6793eec74980b4228e43f089f299
0eb83e934cbf450c83fe6691298c63f4;Производитель Stamford;12303afb872b496ea4a48aada412cf1e
6628f6a6281646faa8fe5b5b9eaa8bed;Производитель НТЦ Механотроника;520575bb65c944709c0548dcb6ba3f95
0976d53fdee24b64b492daa924a3a47a;Производитель LDW;d967bb515b604a869774de76d72b52aa
fe7c6234b26c4efba410cf61ec3f5842;Производитель Эйч Энерджи (H Energy);
fad1fc19ba634480bf11270c63c66432;Производитель Высоковольтник;6aee0ba9414a4e9eb88f8d4e44d212b3
d37a9296155b411c9cbe315a509ca750;ТАШЭЛЕКТРОЩИТ;9cfcc1e63fa847428cecb2e0cc53533d
ae82da308bdf4359aaf90214d0c7a795;Производитель SAMSUNG;9f120065408648c7b34d0dfa1455c28e
4a433f0a828b44c3b020a30c1f439a48;"ООО ""Электрощит-К""";
59888d8555384313a90f3da6337f49e4;Производитель Shin Nippon Machinery;03b630c4bd67421599cc1cfd3a05a818
6d40c2b5aba142b48d9287214ebed2f1;Производитель English Electric;7deb31a063e34b9b87653fb360f4716b
d2a4b74151f04e83af47bbca79144bf7;Производитель Русэлпром-Электромаш;6a494b03004040f8a3910e5dc280555f
3ebf0ad898da4c21bd374c1820f2a5ac;Производитель ООО «РУСЛЭЛПРОМ»;36bc78f8b1b545e2a65352989be3053c
e1c68123d0d24a62b6b2cda5a7bbae91;"Организация-изготовитель ООО ""Тольятинский трансформатор""";b480ec340bb04904b4ed284d1a7e1559
efafe901754c4f97b9854eddad3848e9;Производитель Электросила;2d9a238db0a34aec915b1914457e1ce3
c7ecf0b9241a4bdc96f8ba3f53f90e48;Производитель Электротехнический завод Вектор;c57b138fb82d4cd8ac96e64f5308c743
8547ce01609b4f2b8c1bab807511fcc5;"Производитель ЗАО ""Комета-Энергомаш""";4c6d72b771a145ee898382b59c70b0f1
9c85566960be441489c28704b8fdd7ba;Производитель HAPAM;66de1c7216ce4bdb9d56e210d0e6ba1f
939a71fbbb56407fa147ad39449b778b;Производитель TD Power Systems Limited;c157e5a693954fb8bbb22142e9e5ef69
a6ca3229984348acb613a5f61b8251b6;Производитель Великолукский завод электротехнического оборудования (ЗЭТО);e6f312d1b9b2411badbdf85de0e07ed3
18689d44cf3d4872bae3870838599eca;Производитель Electrotecnica Arteche Hermanos S.A.;afb2f458baa44e73b1084db12664bb4f
03dfb34cc5774994bffa6d6d2171236c;Производитель ВОЛЬТА;54aedcbf68234fbda12796b888c34a4d
90cd0b678256484bbbee72a81e61dcca;Производитель МНПО Энергоспецтехника;27ecca6b54c44a738b3ff5f4b9723ce3
cef427bf651b4bd7956de20598a5a516;"Производитель ООО ""Эльмаш""";893a0d3975bf44bbbc9ab6462c7eb847
d175056f4ce84d59b44a157a1e917067;Производитель FT Zychlin;366353a4ec554aaa97ff19be1661083b
2ce7920e54b240158afef5b761cbead2;Производитель Завод Латвэнерго;373b61722b5f4aca978c75f956a64b09
c660d935933049789666f9fef33afca0;Производитель Московский завод высоковольтной аппаратуры (МЗВА);d9bc8b6b7d6a4891b3eb5899db2953e6
f24b7cabfa2e4bf49d156272bb320a9a;Производитель Уралэлектромаш;1dac99c54f994a999fba62c1bd473b30
9c8dfbe5616e413faabf8a9f962d649b;Производитель СВЕЙ;6e108086b5734075a0a080280fabfce4
f2e160b5da274af080bab7929bfc01e3;Производитель Славянский завод высоковольтного оборудования (СЗВО);4276e364f3b14b3787995133d5ed21d8
4d88949fefeb4ef58d9b90579dbab652;"Производитель ООО ""Воронежский трансформатор""";a40484095b184977b261e30318a55f1d
81d82feb42824deaaddb344d96ef0a6a;"Производитель ООО ""Эльмаш""";97e6f6326dfd487c87c52fe182dabdc6
8f6b2b8885e048a2bea5ca5b6068ccc2;Производитель Alstom;03121cdb30a94b509ba257d011e111e4
6d4e9ec85d72447baccee7e0efc81300;Производитель LSIS;4213ebecd92043c49fc77d6e412a1809
4682bfa2b51f484c9c1971ab3807612b;"Производитель ТОВ ВКФ ""Электросервис""";3ae02a27625745d5bf1bbac62f205057
eb29dfe6d65d415fa40dffbc1aa54896;Производитель VEM Sachsenwerk;71eca6f2e348411082f2cf23142f1bc7
441c849714264c37998d1961e061a09b;Производитель Белэлектромонтажналадка;6e452d88fa9e44d794a4ee4bf7c5f713
b4cf24299ccb48b4b4311db99a4803af;Производитель SAVOISIENNE (Савуазьен, Франция);15b8e2874acb473a963213d142dd0935
1cca7de38811473dbbfa87d7114fd0d5;Производитель ТЭРЗ «Ленэнерго»;e23a95e74a094fe8a7688cce5d31e9e7
15a6a8b0b9054a17ad2300576826cef9;"""Производитель НПП """"ПРОЭЛ""""""";af4b20a410f24dd49231dba6f418e01d
0199ac4849284e3ca7fedd41ff05a6c0;Куйбышев МЭЗ;cbe93e6ecc7a44318e29bde7c3e21309
70108c88883a46049c27ee4c5b6e45d6;Производитель General Electric;6b291fded5364faabc0cac6448449a54
1a4bf5ee7eef4f83b0f06026cf4edc21;"Производитель  ""ПО ЛЭЗ""";2f8b8ec2a1814df08de9877d18bb4861
f154385cd6d64b8c84787da56b5f81ec;Производитель НПФ «ЭНЕРГОСОЮЗ»;f9d881f74bb44f4b8ca493a47a52f05d
cf688b9752d641249d3699b99a456a88;Производитель S.T.E.;ac462320aaa24305be0b91edf4dabdd8
30a930ec86bd409e9e0f9d67962e5794;Производитель Свердловский трансформаторный завод;8fde70b7f2c04f0bb72f9422aa88b97d
e9c4a046246947f389309a0f7e7b8756;Производитель Новосибирский турбогенераторный завод;6133e64db12140d78841b90257a5bd4f
c5daecb038a945faafa10dcd9916ab3a;Производитель Elliott Group;7ac929826f2e41e99d37d42120f94e36
bc8116a9bf4441b099615725bcea9874;Производитель Харьковский электротехнический завод;51d55e9f806646aba68892c744ac6a26
aac4654e47f24c60a33d0195198ec047;Производитель Электротяжмаш-привод;6817aa7fb41343878e01c3de8a8a116a
96916e2818904d6191d3bf8274e7c5b0;Производитель Рижский опытный завод;db4d1105bc0f497bb61c705bae3fd2aa
b4a6f3d6887647c6b247f81b490e909f;Производитель Эпромстрой;cbc4d2128d174746a140d51b01ea41c5
2332f44adab343feb1852aa7f0b07621;Производитель Harbin Electric Corporation;6386fef98a174fb79e59ab4ba8ae25e1
74994be41cf34a23b42b56783de8da87;Производитель Elprom Heavy Industries;707091e9018e4948a1ca29f560104dd3
e8c0bb596e1640909bbc8fb30489797c;Производитель Русэлпром;9bea3426e7d6473c8645cf96d6d61162
4b11fd4e337e441ba801a66bcfe9ad92;Производитель АО «ПИК ПРОГРЕСС»;1e381a7de2fe4945b6031b8d1807b0a0
9e264623565747e89d8c485426898dc0;Производитель п/я 240 Ленинград МЭП;5f4c19529452492a9af8786e016b251e
b2904e458e4a4d5185bfcac2596e937b;Производитель Электротехнический завод (г. Калуга);a9c606525a4d483ba3c4cde700f9255e
67ec39fa61e64e93bfe9f8e6447e45a6;Производитель Завод крупных электрических машин (ЗКЭМ);3af95ab0e2014a4483def1efa1b06359
9acfdb55df1f49bcb78e0e14921ba7db;Производитель Emerson;1415a82cf1f241899ef8787dd3121e90
b199cdb22ff649d68db364e1323159ab;Производитель Merlin Gerin;18dac34d3eda4773b06b6bd53bd8a45b
5e1a97d572c84c65917db9c06e827b86;Производитель ТМ Энергозащита;a7093908c78f4910a02e1e82dd3cd645
7d39ecabd2164bcd83116142209992c3;Производитель ТЕКОН;c6a879a00a384de8902b04708870bf30
8ed542ba8bd24f00835549904d22f0a8;ТВ-ЭК 110М3D УХЛ1,;
49756ded94e445cb9fa45dafb1b816bd;Производитель Курский электроаппаратный завод (КЭАЗ);be817c32f5d8402e9eed7e70ded210ac
5a7c709082b3413ab8765368c4eae4ff;Производитель ФГУП ЭЗАН;2a8804254a9643b989762cf54f72c1be
ac373e2abad941f49eb6072fcce7f8f2;Производитель Brush HMA;0ace64d35fd145ec81f8c733c7cf1908
1f9f8069dfad4cb78623869c73d1ad1d;Производитель Narayan Powertech;c3ed4a1986644fd1a0985764db8a5d98
0b185945d66b42e583345007b9bb54a0;Производитель Оскресенский электромеханический завод;7f520789b9f34cffae5aef985b4e17a1
34882032594c4fe5a1469f59eacf0ee6;Производитель Самарский электромеханический завод;2ce6655cf8484b658d98f5689231f199
659919145c634826841dc0c5c7128e2c;Производитель Бакинский трансформаторный завод;53c469b90fbc4d9fa837fe61686173a3
06b4e90cc87f497babe09a02591b5bdb;Производитель Lagerwey Systems;9f5c0c6685f44e7e8837554b9907bb8e
db503047db224eb88de4799b1c314de2;Производитель Высоковольтный союз;a090403c28774a819cf12ecb7e34ce82
8511f90df1744213a1bf9267b511919a;Производитель Stromberg;0a99fa3c0d8945d1a83f4e416abde9a4
3963034b3cd74080a48d924356571e4a;Производитель Crompton Greaves Power and Industrial Solutions;11c96ee836a849c0bfd59ee99f9cbb1e
e989044e73d344d399d6a617ca9ca672;Производитель АО «Невский завод» (АО «НЗЛ»);0f10e0ca76da429c95b699e8db80ad10
3be051e16a694d5682466333223d51e7;"Производитель ООО ""Комтек-Энергосервис""";58eab5879b8c430ea9fd1c903c218202
50237d9bef364a6a9b94502c754bb0e9;Производитель QNP;cb9f3b57ddd34cdfbe77c0cf82350741
7b82248a1f9e43e888869369581f8c43;Производитель Завод СЭА;e2b60e7d750c4f7f934c88e87c21c309
7e3bf80034914e7fae31340a89e9bd6c;Производитель Уралэлектротяжмаш (УЭТМ);50165ad0149f4881baa06c1c6dafa9e0
20e07c3fcda44e529833ac20946ab4a6;Производитель Аэропрофит;23008d63e7884d2c856e5162a7f3de56
abd377f2bfdd46d49fe0d39659313364;Производитель Энергомеханический завод;589411d2726a420989bad2a13196f997
0bc9411fb4ae4fa09fc85566d8c02ee3;Производитель НПО СПБЭК;a5d694675001457baaeb70ba8785e773
4ee3daec1bf14abeac6f4b320a8e4f43;Производитель Электрощит Екатеринбург;7078fbf1d48d411f8e110268f04108be
84bcf1a35ec34fc4b45c9ffdb6e998d0;ОАО Березовский опытный завод «Энергоцветмет»;d8975787f99a4a2d9fb5542fb930deb0
ed4499cd79944ab5ad07088a931bb0d5;"Производитель АО ""Уралгидромаш""";0364ade2402e488098c4943f6d067d13
5244882063494bd5b93f4e79c43ae0b6;Производитель Белозерский ЭМЗ;65ab57cc68924917bb71b7b709fd67e2
0355f1716d3d4affab36d64f5839d2f7;"Производитель ""ДЖИИ"" USA";7e3be84bbfab44f8b279cd482899975a
24a043c254c1473594457d4523992e7c;Производитель НПП ЭКРА;0fdb5fc378d44d0e94fca38f0430a4d1
f9925068122b4b95a1efe18db756f6fc;Производитель НИИ Электромаш;d0b25a24f55c4915a1253a5d2430c4fa
6712dd8b04774545950450e4a670359b;"Производитель НПП ""Август""";20f67c618fcd4b9e9c54fc53270d8526
36d6aef8e2034175a7e536efa58599a7;"""НПО ""Изолятор"" г.Великие Луки";
ede952f676ed4a66aaae59d3d372d4e1;Производитель ТЭС Теплоэнергосервис;6dc1f7e7c36547f79d3aaf2519ef2b7e
5ae636eefb56445298e3724fa6b9c3d8;Производитель ХГТЗ;ea0e1339bf814a42b3a13808490d5ca9
418dc1e06c06426bb67bcbd68381e025;Производитель НИИ Сибэлектротяжмаш (СЭТМ);6d7f794818634b318ddca83e6b802536
73a5d9d56bd84a24b875c367d2f740fe;Производитель Евроконтракт;339ce49ac683470c9b4633e73bb856f9
4975c46e899c4c4fab7d907d93bca352;"Производитель Московский трансформаторный завод (ОАО ""Электрозавод"")";edfb03d790e948a7978010bfaa1d8a8b
3568f41ffd934998a64449da28c346f2;Производитель НПО Санкт-Петербургская Электротехническая компания (СПБЭК);888111b23e674881863b876453a659a2
9617f59dfcaf4c7194a29ff42ac20aa5;Производитель KMW;84695f5d088149fda8232a8147b5c596
f11ffc073ad8486484a10f019e8b5f3a;Производитель Энергосеть;c00eb044d95c48d997c550e30a5f7250
c804b173ad394363a90eeca531420052;Производитель Завод Калининградгазавтоматика;a6e02247669340b5a6b69a6bf3d39dc9
981e3f8777c34fd89bcf0bcecf9e9dff;Производитель AVK;ad7f936111db4625b3a935dd54f7eb8d
89c6c203ee2e4661912f23f47e78d037;Производитель CHINA XD GROUP;fcaf4c0590b343e4bb0206182eee96e1
2242404cb86e43948fc839986de27ef9;"Произодитель ООО ""Интмаш""";562a5974994f485aa650d1a993a94832
8169bf505e35407d963732d2a2f11fbf;Производитель TBEA;06bc4b1f74e8492b9e98c2c00dcb45c3
aecc3026422943ba956b69983c4ea97d;Производитель Xi'an Shaangu Power Company;103f2b64616e451281265cd24a0be102
f814f3583a8241ab94884c3cc0309475;Производитель Ленинградский металлический завод (ЛМЗ);54bb8b1908994f399dc7216f8c28c68a
95ecdc183ab2405792f93875404ecc7f;Производитель AEG;a9de29d5b7344cb99f68a6dcec00cef6
e438a89b37e146d7aba63b2455567de0;Производитель РУП БЭМЗ;af90adf7f742406fb4b6c755bb93a7cb
44975e45b0cb42c29becfcebcbc042a3;Производитель Курган-Тюбинский трансформаторный завод;c4353042de2c4bd9bab6f7d173c3c7b3
755b52c776c544c8b2ac4f2a18078315;Производитель Электрозавод Уфа;3192db370b4d48c691bbade5bad707fe
8fc053e090524577a586af615eabd249;Производитель ИК Электро;09842c27840d4d63acdac0f6979d4f39
6799a1e820aa482c9c2eef4cf7b62f10;Производитель Чебоксарский электроаппаратный завод (ЧАЭЗ);b1e57eace1b440858eeaa085764e4cf0
490705004e864d06a68daebe7135c3fb;Производитель KPB Intra Instrument Transformers;471e8dd5bded47ec923ffece80089c93
5f21fe5256b0489fbf9cff3eea180d41;Производитель Электротяжмаш;b6ed3dcdfd374399b8ca352c0c14eb84
69dbc0dadac6493ea0c5d59a428eb019;"Производитель АООТ ""КВАРТ""";de62a9e936594b2a8f92aa656c0105a6
779f858901c24ab8bb805364afe3d1d6;Производитель Tuga (Иран);65ce5791d42e4a1793f464e99fee5424
9f92c3952d794e02a58eae7049017ad4;Производитель Нижнетуринский электроаппаратный завод (НТЭАЗ);922d8d94893c4e33b1bbad6c32a6d233
b0902b0bbf5f42ab86c106c1fb2de6e5;Производитель GE Jenbacher;25e3dfa61f534a908a6675fb46e666e1
dd967a08605f4f1aa08cdf69686bd7da;Производитель Hainan Jinpan Electric Co. Ltd;f5ea8e4b9c7d48239364e415a52418d3
5ee0d2f9f3e148179ab1bf6a94a7ba62;Производитель UNISON;55a9830248f54373b7fb1f07fffbe0c3
e94b85151268469f828a0b2724b3730c;АО «Свердловэлектроремонт»;
95ba669a1dd54d87b5215c5f2f5b1c50;SGB Starkstrom-Geratebau GmbH ;
9939839dbaba4c569b964e236632bd79;Производитель Неваэлектромаш;2f1b46b0552c45a0a2e3494410592d62
2545707af34b43958fdfc576ec865f56;Производитель Электрохимприбор;96128057185b4bd3aa940f6856cd2e11
3e8eda62ac0444d1bca4babffd8811c6;GCL SOLAR;
66264c4c888d43a8b2a3bf8d20066965;Производитель Ленинградский электромеханический завод (ЛЭМЗ);a7461fd4dd284bd088304cf18969741d
ccb80c102c764c398e1245a0328621e5;Производитель Сибтехэнерго;306d8d9022c84827a86cb409e1f6c2b9
4730b749ef4043eab45558af5877bec0;"ООО ""ЗЭТО-ГАЗОВЫЕ ТЕХНОЛОГИИ""";25718467bd37456fa263dbf099951723
